_ProductID,revenue,cum_pct,class
23,2358788.6,2.8524740892991667,A
40,2130841.2,5.429292254102552,A
4,2071546.2,7.934405200759216,A
37,2052886.7,10.41695328498214,A
41,2049958.8,12.895960670862678,A
5,2011333.3,15.328258386391145,A
2,2005638.3,17.753669160063712,A
35,1981973.9000000001,20.15046266475388,A
8,1976895.3,22.541114637765496,A
17,1925111.0,24.869144053595644,A
14,1921372.4,27.192652394654505,A
11,1885326.4,29.472570444907788,A
29,1881668.2,31.74806464780422,A
10,1870921.4,34.01056278630435,A
38,1868140.9,36.269698476721885,A
16,1849923.6,38.50680405548509,A
12,1846178.3,40.73938045719247,A
46,1837501.8,42.961464400425264,A
25,1825415.0,45.16893182235449,A
21,1821837.2,47.3720726243413,A
20,1821080.1,49.574297868175506,A
3,1813589.5,51.76746475789806,A
19,1790675.5,53.932921834506296,A
27,1786441.1,56.09325826728756,A
24,1785362.4,58.25229023225846,A
43,1754783.6,60.37434337060545,A
22,1742422.1,62.48144779398288,A
7,1727112.6,64.57003849719474,A
45,1709974.0,66.63790355656262,A
36,1703629.1,68.69809575247456,A
18,1697592.4,70.75098779001925,A
28,1685217.5,72.78891490802529,A
9,1644092.9,74.77711020354721,A
13,1642706.0,76.76362832617009,A
15,1620314.6,78.7230686138725,A
26,1607028.5,80.66644207133932,B
31,1584898.4,82.58305368298257,B
47,1542400.3,84.44827250381172,B
30,1536377.0,86.3062073708427,B
33,1529234.8,88.15550520255793,B
39,1528303.5,90.00367681672259,B
1,1436687.7,91.7410577921372,B
6,1422322.9,93.46106746950585,B
32,1402685.2,95.15732935089845,C
34,1401372.0,96.85200318452193,C
42,1334231.3,98.46548402480661,C
44,1268933.1,100.0,C
